r_mean,r_std,r_min,r_max,g_mean,g_std,g_min,g_max,b_mean,b_std,b_min,b_max,gray_mean,gray_std,gray_min,gray_max,gray_median,gray_q25,gray_q75,red_dominance,green_dominance,blue_dominance,dark_pixel_ratio,bright_pixel_ratio,rust_color_ratio,edge_mean,edge_std,edge_density_low,edge_density_high,r_hist_0,r_hist_1,r_hist_2,r_hist_3,r_hist_4,g_hist_0,g_hist_1,g_hist_2,g_hist_3,g_hist_4,b_hist_0,b_hist_1,b_hist_2,b_hist_3,b_hist_4,gray_hist_0,gray_hist_1,gray_hist_2,gray_hist_3,gray_hist_4,filename,original_filename,label,split
0.43975693,0.22814928,0.0,1.0,0.42638165,0.2147483,0.0,1.0,0.38842466,0.22155596,0.0,1.0,0.41818774,0.21861987,0.0,1.0,0.42352942,0.23137255,0.5803922,0.5954440369897959,0.17510363520408162,0.17506377551020408,0.2768056441326531,0.07376036352040816,0.06359614158163265,0.23923366,0.34772936,0.40270248724489793,0.32206632653061223,0.9659996667279321,1.2023676478996523,1.4513909735518613,1.0735212693439968,0.30672036266971336,0.9236487426141121,1.3122807521291664,1.6252788725458882,0.9039182617858902,0.23487326017300664,1.3028140749743127,1.2239915315060028,1.5628984572047644,0.7159797939512316,0.19431601923519853,1.045619404061914,1.2801936990358722,1.5671833739134997,0.8772122652961295,0.22979114890070146,abandoned_001.jpg,IMG_3082.jpg,abandoned,train
0.46333793,0.21933953,0.0,1.0,0.4446073,0.21026868,0.0,0.99607843,0.43080482,0.22311442,0.0,1.0,0.44625002,0.20919493,0.0,0.9816993,0.41699347,0.27973858,0.59771246,0.6244618941326531,0.07802535076530612,0.22935267857142858,0.18805803571428573,0.13083944515306123,0.12021683673469388,0.18796986,0.29533815,0.37828842474489793,0.26821588010204084,0.5768694110468331,1.5329041544538664,1.434948851297412,1.0430286017101658,0.41224890850052115,0.5074138955001682,1.9112722929483947,1.3528378892509487,0.8471181946248322,0.38135764390415633,0.6763193457894033,1.9680723558775184,1.1157723811095224,0.9015266800106877,0.33830917195051236,0.5446827087203299,1.800362696386791,1.4139228646568736,0.9127870442022659,0.3282445986465353,abandoned_002.jpg,IMG_3083.jpg,abandoned,train
0.46490312,0.2347062,0.0,1.0,0.45230228,0.22815326,0.0,1.0,0.42005518,0.22919899,0.0,1.0,0.4457535,0.22732635,0.0,1.0,0.42222223,0.275817,0.5816994,0.5993502869897959,0.15461575255102042,0.17769451530612246,0.21611926020408162,0.12220982142857142,0.10801977040816327,0.2124235,0.32122454,0.39096380739795916,0.2961575255102041,0.7597257539853265,1.2627550832242993,1.5965798955199397,0.8339644948612186,0.5469746818369255,0.6848891798453763,1.5400788992449135,1.5888072559087456,0.6418407589199557,0.5443838015804562,0.9035195975058965,1.6851681827972005,1.4040575913042037,0.48728478669749786,0.5199697376252645,0.7342155502838255,1.561902081317682,1.5537307284325865,0.6250996864935386,0.5250518488975697,active_001.jpg,IMG_3084.jpg,active,train
0.5266619,0.19682221,0.0,1.0,0.47960767,0.17568295,0.0,1.0,0.4421487,0.1585277,0.003921569,1.0,0.48280612,0.17296293,0.0013071896,0.99607843,0.48104575,0.3529412,0.6156863,0.7491230867346939,0.02361686862244898,0.21147560586734693,0.09516501913265306,0.05879304846938776,0.12181122448979592,0.21901119,0.3083086,0.4309231505102041,0.3251155931122449,0.24603395679299203,1.205955020295176,1.5423707166931488,1.6193998095339546,0.38624045669519463,0.26118064024075827,1.5044044737560958,1.8483934890774787,1.2413305905707015,0.14469069739974783,0.28888312707285696,1.7679766955938696,2.0889467201213643,0.7664023097117497,0.08779098099805635,0.2497209784217246,1.4725167191292194,1.8817759797153004,1.2687341317448961,0.12725208028889667,abandoned_003.jpg,IMG_3085.jpg,abandoned,train
0.55341625,0.26744926,0.0,1.0,0.5228881,0.24835221,0.0,1.0,0.45972833,0.21834408,0.0,1.0,0.5120109,0.2428383,0.0,1.0,0.5673203,0.29542485,0.72287583,0.7550821109693877,0.06929607780612244,0.14650430484693877,0.22142059948979592,0.19413663903061223,0.037029655612244895,0.16183223,0.262242,0.371273118622449,0.22923309948979592,0.8731265813771552,0.6556919545151427,0.8375517427190796,1.4804887680909458,1.1531410126101114,0.8616669195581215,0.7431839812726344,1.0450214308024972,1.661451789081264,0.6886759020176703,0.9471659616514334,0.8029735211980275,1.5769489980403848,1.5860173139217535,0.08689413783235544,0.9086017083995549,0.6950534016326931,1.1247408114301312,1.8156091643411882,0.4559949251385992,active_002.jpg,IMG_3086.jpg,active,train
0.5427663,0.29217112,0.0,1.0,0.51823527,0.2723175,0.0,1.0,0.46788186,0.2442586,0.0,1.0,0.50962776,0.2684397,0.0,1.0,0.5633987,0.24183007,0.76209146,0.7177933673469388,0.08412388392857142,0.1736686862244898,0.25771285076530615,0.2714245854591837,0.030412946428571428,0.17602518,0.28444692,0.37137276785714285,0.24204799107142858,0.9972895259555546,0.8282844264331104,0.6680484096595729,1.072425127697029,1.4339525727151319,0.9701849345227097,0.8937539726514157,0.7785594010546305,1.3141741854737425,1.043327549432066,1.1118861441458912,0.8325693434610969,1.021105616614207,1.9277145600538028,0.10672433671840904,1.0335618468436263,0.8454240945450564,0.7965959109216327,1.4311623939773956,0.8932557930381126,active_003.jpg,IMG_3087.jpg,active,train
0.5642001,0.230207,0.0,1.0,0.5485608,0.22246169,0.0,1.0,0.5184907,0.2048743,0.0,1.0,0.54375046,0.21750411,0.0,1.0,0.6209151,0.42875817,0.6797386,0.48800223214285715,0.23710538903061223,0.13564253826530612,0.15443638392857142,0.10610650510204081,0.015963807397959183,0.1536968,0.25977474,0.35012755102040816,0.20430086096938777,0.6360610555729721,0.5219626835486806,0.6496133028894325,2.612504141686769,0.5798589312459591,0.6462252773602889,0.543187970222195,0.7218589915832259,2.7895808422923833,0.29914702038157226,0.6422393080319294,0.5628188691643657,1.2575732294009263,2.4277544495523804,0.10961416469677865,0.6394491295020777,0.5448820071867478,0.8295798046563163,2.7580916822522177,0.2279974625692996,active_004.jpg,IMG_3088.jpg,active,train
0.53594166,0.24882524,0.0,1.0,0.50101703,0.23988156,0.0,1.0,0.45624682,0.21901199,0.0,1.0,0.4977352,0.23478186,0.0,1.0,0.56143796,0.2522876,0.71111107,0.8069794323979592,0.04635682397959184,0.1298828125,0.2469108737244898,0.1658561862244898,0.03557477678571429,0.13675557,0.2235964,0.3580994897959184,0.19812260841836735,0.36900111057288354,1.578543503263583,0.5420917882679112,1.5952846933006632,0.9150789767368348,0.5631178168639926,1.4321587796795794,0.6854870241718678,1.885164334303326,0.4340720921992435,0.9450733277540446,1.0652503030040845,1.1450692534901779,1.7836217580978557,0.06098533526766231,0.5282405852408468,1.460160214211305,0.7271404005498066,1.9972697300159403,0.2871891115055601,abandoned_004.jpg,IMG_3089.jpg,abandoned,train
0.5425106,0.20354162,0.0,1.0,0.5141503,0.18936853,0.0,1.0,0.4938618,0.16950743,0.0,1.0,0.51684093,0.18195137,0.0,1.0,0.5555555,0.42352942,0.63529414,0.6005859375,0.01175860969387755,0.2875876913265306,0.11941964285714286,0.06614716198979592,0.04528061224489796,0.15321371,0.24862269,0.37013711734693877,0.21659757653061223,0.4617745466904516,0.5786630972445949,1.9095781137091878,1.5628986900947968,0.487085488216231,0.4675542022165729,0.704420429554338,2.083764960380568,1.6129226088927813,0.1313376991548675,0.38255340628930595,0.8882732648249213,2.357999629739629,1.2463130526023734,0.12486049851369423,0.4236088903714091,0.7035235864554571,2.1455474803669845,1.6325535092975678,0.09476642784239683,abandoned_005.jpg,IMG_3090.jpg,abandoned,train
0.5302666,0.18553776,0.0,1.0,0.51941025,0.16150926,0.0,1.0,0.48246905,0.14976437,0.0,1.0,0.5107153,0.16118886,0.0,1.0,0.52287585,0.4379085,0.6143791,0.8257533482142857,0.05921157525510204,0.08318718112244898,0.09086017219387756,0.05412946428571429,0.02668606505102041,0.13351013,0.25291836,0.269351881377551,0.18795838647959184,0.3802614739254992,0.5254504067109952,2.329300652713681,1.4524873314729507,0.3125000186264526,0.246532202959037,0.6344666678416283,2.5735409051115945,1.458964532114124,0.0864955408698217,0.2618781848732212,0.8854830862950697,2.851462595824683,0.933414437013387,0.0677614836307359,0.27652662215494245,0.6684470563658933,2.6294441207767227,1.365991790603129,0.05959024589879421,active_005.jpg,IMG_3091.jpg,active,test
0.5489313,0.25805378,0.0,1.0,0.51223356,0.23378602,0.0,1.0,0.44098827,0.20070216,0.0,1.0,0.5007177,0.2294329,0.0,0.9986928,0.5568628,0.3019608,0.7006536,0.7856544961734694,0.06600765306122448,0.11455676020408163,0.20232780612244897,0.13303172831632654,0.056361607142857144,0.15921189,0.2564595,0.37478077168367346,0.22873485331632654,0.7192681653024773,0.8548907716999102,0.8613679076815852,1.5225407476382555,1.0419324600631978,0.7105986820132953,0.9619140481663636,1.026088077903434,1.9379784318390467,0.363420780590138,0.8504065562055058,1.0760124201906553,1.6977238596912505,1.3462612409577086,0.029595824468130236,0.7685945357409265,0.9295280473734424,1.083585681181115,2.0401189034883176,0.178172842252582,abandoned_006.jpg,IMG_3092.jpg,abandoned,train
0.41420594,0.16217886,0.0,1.0,0.41712013,0.17287137,0.0,1.0,0.39532384,0.19410285,0.011764706,1.0,0.4088833,0.16754298,0.0052287583,1.0,0.40784314,0.2901961,0.48758173,0.5645527742346939,0.16037547831632654,0.23887914540816327,0.17111766581632654,0.051877391581632654,0.14433195153061223,0.17097637,0.2712773,0.37950414540816324,0.2516541772959184,0.36302215658034426,1.9831193900920756,2.1867026106160004,0.27602839655461536,0.1911272435349286,0.41444116091618216,1.8777901505901746,2.176438740360193,0.27951611997678555,0.2518136310806906,0.68748005990881,2.116948310291747,1.5105826136678797,0.3769730773162851,0.308015802797948,0.4451331247445505,1.9491390015678103,2.1279095674031203,0.2662627709725387,0.2115553378647828,abandoned_007.jpg,IMG_3093.jpg,abandoned,train
0.5034614,0.22954123,0.0,1.0,0.4934033,0.20501983,0.047058824,1.0,0.4385426,0.19909154,0.0,1.0,0.4784691,0.20162119,0.043137256,1.0,0.47189543,0.32254905,0.62352943,0.6018415178571429,0.1731903698979592,0.17321029974489796,0.1448700573979592,0.11019212372448979,0.1233657525510204,0.15843081,0.25753036,0.36039142219387754,0.23134566326530612,0.5632174660972017,1.1628069023156842,1.4600604561951165,1.2518934100778458,0.5620217171725742,0.43108258286208323,1.2919523085545328,1.6384325703494476,1.1610133026201528,0.47751916111542114,0.6544961637166349,1.5822305248923156,1.6899512200800562,0.8570831186881757,0.21623885217455424,0.450215235638209,1.461057057310186,1.6084381533883003,1.0651507331307881,0.41513873647889077,active_006.jpg,IMG_3094.jpg,active,test
0.47158396,0.15864767,0.003921569,1.0,0.44000015,0.16053721,0.0,1.0,0.40755972,0.16045243,0.0,1.0,0.43971464,0.15635091,0.007843138,1.0,0.41045752,0.3254902,0.5346405,0.8459622130102041,0.017717633928571428,0.11348054846938775,0.07200653698979592,0.03854432397959184,0.2310467155612245,0.17549154,0.27956834,0.37649473852040816,0.25550063775510207,0.12476083997765332,1.6280691721684502,2.169164346877921,0.9143814320524007,0.1636240531201005,0.127351720041087,2.21809228199887,1.7396761837465429,0.7817482927692987,0.13313138548626935,0.19899951871834956,2.5747368876538386,1.557118802109261,0.5421915182865207,0.12695313256699636,0.11648995362130728,2.232242473114546,1.782326052382327,0.74726965551013,0.12167172281342431,abandoned_008.jpg,IMG_3095.jpg,abandoned,train
0.52596176,0.20608023,0.03137255,0.99215686,0.51647735,0.20568062,0.043137256,1.0,0.45479172,0.21244705,0.0,0.99607843,0.49907696,0.20208926,0.047058824,0.98692816,0.45751634,0.33202615,0.69673204,0.5565409757653061,0.21241230867346939,0.16489955357142858,0.09522480867346939,0.14911511479591838,0.15694754464285715,0.15771113,0.25728577,0.3592952806122449,0.22823660714285715,0.1858458199347631,1.4211973640265907,1.478694861416826,1.3502472105830463,0.564014701985243,0.1757812473806553,1.5647919090807427,1.378945986406499,1.422791857764187,0.45768896222936756,0.5082110893658401,1.9074856220864531,1.0065568296496636,1.4034599050813004,0.17428652186787805,0.1911272292948395,1.7778419696815595,1.2743142993327294,1.4023637634343327,0.35435269969249533,active_007.jpg,IMG_3096.jpg,active,train
0.5208725,0.22532025,0.015686275,1.0,0.52166694,0.21963185,0.011764706,1.0,0.5000224,0.22700723,0.0,0.99607843,0.5141873,0.22178452,0.014379085,0.9882353,0.52418303,0.3281046,0.7006536,0.29707429846938777,0.1741669323979592,0.4071468431122449,0.15832270408163265,0.15425701530612246,0.037966358418367346,0.14996453,0.25134757,0.34841358418367346,0.21414620535714285,0.4915696674199391,1.1285275660917922,1.299027307327296,1.5505421842562508,0.5303332586511418,0.4436383862464157,1.1585219852876976,1.337990154609052,1.5360930443644027,0.5237564087693352,0.6134406796345317,1.163703745414565,1.2362482950830342,1.558613772747559,0.4279934885206039,0.5025310830729278,1.181341659692556,1.3006216949398486,1.5160635469970825,0.4994419940547769,abandoned_009.jpg,IMG_3097.jpg,abandoned,train
0.5035384,0.29665095,0.007843138,1.0,0.49033713,0.27290997,0.003921569,0.9882353,0.41607174,0.24653777,0.003921569,0.99215686,0.46998245,0.27090165,0.0065359487,0.9816993,0.3882353,0.21960784,0.76209146,0.6183434311224489,0.26779735331632654,0.05901227678571429,0.3175023915816326,0.26917251275510207,0.057118941326530615,0.16013789,0.27082103,0.3467992665816326,0.22219786352040816,0.9151785577913482,1.528220640493044,0.4847934834417992,0.6455277808233929,1.4262795811863571,0.7864317484853354,1.6708186932151061,0.5220622938852182,0.8890705249315084,1.1316167766332894,1.4547791556180196,1.1748644595339717,0.5297352842706279,1.814911619656754,0.025709504083426267,1.0166214771980984,1.5257294096628193,0.46067837080193996,1.1095942944533004,0.88737648784074,active_008.jpg,IMG_3098.jpg,active,train
0.4581488,0.24800573,0.043137256,1.0,0.46142486,0.23543832,0.043137256,0.99215686,0.39002562,0.23627439,0.003921569,1.0,0.4365331,0.23561133,0.050980393,0.9895425,0.3895425,0.22614379,0.6405229,0.4746890943877551,0.35744180484693877,0.13434709821428573,0.2950414540816326,0.14205994897959184,0.08117426658163265,0.19176233,0.30137637,0.3794642857142857,0.27096619897959184,0.9067083729685842,1.5060985107206486,0.9994817346189612,0.9136838873679668,0.6740274636445553,0.7354113410823334,1.6141182795191917,1.0500038920917243,1.0574777416020138,0.5429887122115881,1.4098373514407658,1.5062978091870665,0.8570829909728499,0.9431800625954636,0.2836017388427564,0.9766621346812939,1.5811343833270168,1.0138312231319353,0.9693878128820571,0.45898440235760224,abandoned_010.jpg,IMG_3099.jpg,abandoned,train
0.5624539,0.22634478,0.0,1.0,0.5365793,0.21300256,0.015686275,1.0,0.497677,0.18973802,0.023529412,1.0,0.5322367,0.20669043,0.022222223,1.0,0.54771245,0.36732027,0.6901961,0.8042490433673469,0.03517617984693878,0.12390385841836735,0.11332110969387756,0.16354432397959184,0.0699936224489796,0.17378591,0.26249772,0.3998525191326531,0.2640904017857143,0.38853236028184523,0.9268375180767998,1.2049584381866878,1.6695233775725722,0.8101483263498277,0.3360172143807084,1.1226482613324618,1.3941923179515339,1.5310109330920976,0.6161312548365294,0.3099091152799535,1.307597238168344,1.809131694118369,1.2680365870604622,0.3053252733008453,0.31469227847398495,1.1483577635003808,1.471121520257201,1.5188537257348185,0.5469746818369255,abandoned_011.jpg,IMG_3100.jpg,abandoned,test
0.55688596,0.21834381,0.003921569,1.0,0.5256373,0.21109533,0.003921569,1.0,0.47194013,0.19512321,0.003921569,1.0,0.5181545,0.20672278,0.003921569,1.0,0.5424837,0.35816994,0.69934636,0.7893415178571429,0.0264469068877551,0.12059550382653061,0.12360491071428571,0.1015625,0.11120854591836735,0.14817576,0.2485581,0.35421316964285715,0.2039421237244898,0.35963408265123864,0.9188655794200807,1.2903578246840408,1.7815291240445534,0.6496133996893637,0.3829520032221419,1.1369977509145561,1.2801936036540176,1.9350886038606772,0.2647680323630372,0.43476960449081575,1.4751075991926532,1.4762036307722126,1.3839286539171471,0.22999044738196833,0.38653937561766544,1.1858258751869604,1.299027307327296,1.914261912568289,0.214345516602519,abandoned_012.jpg,IMG_3101.jpg,abandoned,train
0.5031917,0.2240004,0.0,1.0,0.47801793,0.21215124,0.0,1.0,0.39759052,0.2015499,0.0,1.0,0.4596001,0.20888792,0.0,0.99477124,0.45359477,0.28235295,0.64183,0.7004942602040817,0.20503826530612246,0.05683992346938776,0.20242745535714285,0.07912149234693877,0.14192044005102042,0.17406519,0.2735756,0.38105867346938777,0.2530492665816326,0.5083107385990492,1.3132772444612564,1.2366468919861724,1.4636480464238955,0.47811705655922176,0.4886798396568784,1.519052911037817,1.321846980031956,1.366689335287563,0.3037308854507103,0.9928053104611502,1.5545280380602169,1.5680802169455605,0.7471700062694966,0.13741630283350706,0.6299824523472238,1.511080972381098,1.3008209933914177,1.358219149833721,0.1998963767106709,active_009.jpg,IMG_3108.jpg,active,train
0.515619,0.2335862,0.0,1.0,0.4790376,0.21348713,0.0,1.0,0.40688962,0.1863769,0.0,1.0,0.46718207,0.20639828,0.0013071896,0.9633987,0.52418303,0.27189544,0.627451,0.8701371173469388,0.03158880739795918,0.07106983418367346,0.22450972576530612,0.060646524234693876,0.08177216198979592,0.13701037,0.22830433,0.35239955357142855,0.1941764987244898,0.6521045821196192,1.0655492507037116,0.888871093998119,1.9403700136142492,0.45310509716022956,0.7196667622353132,1.060367490576844,1.3759565096329627,1.6238840253624591,0.22012517255925823,0.9277343611756806,1.1757613026328526,2.287647276335742,0.5384048471424501,0.07045201312783865,0.7700892742390613,1.0385443085040758,1.5607061742375046,1.503009496474102,0.12765067725143042,active_010.jpg,IMG_3109.jpg,active,test
0.56391364,0.22551823,0.0,1.0,0.52413,0.20717487,0.0,1.0,0.46376932,0.17928015,0.0,1.0,0.517271,0.20222771,0.013071896,0.99607843,0.5686274,0.3398693,0.6862745,0.8112244897959183,0.030034279336734693,0.13089923469387754,0.14122289540816327,0.10415338010204081,0.07276387117346939,0.17263025,0.26893046,0.39114317602040816,0.252132493622449,0.38066007085833514,1.0148277910003365,0.8806002082580021,2.035634687659813,0.6882773050551365,0.39351482194229465,1.1441724957056032,1.1425780228455642,2.086655098864132,0.2330795738416048,0.46496332215313924,1.3424744697914899,1.7912944827029358,1.3596142392025892,0.04165338258477588,0.40298149909714853,1.1561304036906819,1.2161191514745566,2.084662114051463,0.1401068323306098,abandoned_013.jpg,IMG_3110.jpg,abandoned,test
0.49141556,0.2650802,0.015686275,1.0,0.48515674,0.25178823,0.011764706,1.0,0.41990933,0.24625814,0.003921569,1.0,0.4654939,0.25103545,0.010457517,1.0,0.45359477,0.23660131,0.669281,0.5295360331632653,0.29715401785714285,0.11240433673469388,0.26638233418367346,0.17512356505102042,0.07686941964285714,0.16669418,0.27266523,0.361148756377551,0.23682637117346939,0.9388950752950873,1.120157030502237,1.0737204078284452,0.9678930742725556,0.8993343967167522,0.8778100953379776,1.129324759957464,1.1692840153558215,1.0895647970859799,0.7340163065058832,1.2811901913679622,1.257971920030268,1.0856783149225906,0.9613162243907488,0.41384329635065614,1.0057597107783187,1.1738679672018817,1.1603155850352127,1.0022720622910908,0.6577846374213053,active_011.jpg,IMG_3111.jpg,active,train
0.43871027,0.16797385,0.0,1.0,0.42495108,0.16414553,0.0,1.0,0.39976692,0.16141465,0.0,1.0,0.42114273,0.16057184,0.0,1.0,0.42745098,0.34117648,0.5084967,0.7605628188775511,0.038006218112244895,0.13661910076530612,0.1341278698979592,0.028380102040816327,0.11481584821428571,0.19978352,0.30435336,0.38869180484693877,0.2902981505102041,0.5313297114703255,1.1943957092429334,2.5885879382050603,0.5780652449145572,0.10762117988410995,0.509705827863975,1.4703244359986218,2.4593428923625087,0.446328948797156,0.11429767900655009,0.5416932317240603,1.9369817951163137,2.107581125343074,0.2799147169393193,0.13382893017070338,0.5161830280225592,1.5096858831161721,2.469507113392532,0.4059710063406148,0.09865274822710078,active_012.jpg,IMG_3112.jpg,active,train
0.49330682,0.24661946,0.0,1.0,0.47530544,0.24075922,0.0,1.0,0.46346414,0.22683041,0.0,0.9843137,0.4773588,0.23696475,0.0,0.9921568,0.5411765,0.25882354,0.6732027,0.6983219068877551,0.009885204081632654,0.2257453762755102,0.2448780293367347,0.09227519132653061,0.024115114795918366,0.23600574,0.33997625,0.4130261479591837,0.3219467474489796,1.0528937980861701,0.5768694110468331,1.1026186833059628,2.002551139769513,0.26506698008493745,1.1009247284929025,0.6239038491214756,1.235849698179896,1.848991659953389,0.19033004960986113,1.0330636006775813,0.7444794213043513,1.4423228940054682,1.6528819543867885,0.12725208028889667,1.0691366230992352,0.6378547417707339,1.2697304349466405,1.853774823503794,0.16950335831747318,active_013.jpg,IMG_3113.jpg,active,test
0.512961,0.23209174,0.0,1.0,0.49554697,0.22431597,0.0,1.0,0.47811383,0.2138282,0.0,1.0,0.4955406,0.22193122,0.0,1.0,0.5437909,0.3254902,0.6771242,0.704719387755102,0.017637914540816327,0.20366310586734693,0.18700175382653061,0.09964923469387756,0.040896045918367346,0.25583014,0.3535943,0.42972735969387754,0.34775589923469385,0.7632134771476411,0.7179727252707604,1.2069514227023788,2.0224809878962,0.28938139479949565,0.7412906458416637,0.8590760394946878,1.3440687573819092,1.8417172653871483,0.2138472703993518,0.7016302510244864,1.0125358586365298,1.4967313712838282,1.6482980893176506,0.14080437701504386,0.7343151995170345,0.8535953316681935,1.377849844922869,1.8477958690657879,0.18644372922515715,active_014.jpg,IMG_3114.jpg,active,train
0.50727826,0.22614522,0.0,1.0,0.4824464,0.21380903,0.0,0.99607843,0.45785537,0.20332177,0.0,1.0,0.48252663,0.21224779,0.0,0.9895425,0.50980395,0.31895426,0.654902,0.6843112244897959,0.04001913265306122,0.1966278698979592,0.18405213647959184,0.09097975127551021,0.061822385204081634,0.26054913,0.3573621,0.4309630102040816,0.35170200892857145,0.696946737063664,0.8286830233659463,1.4235888395579739,1.6821788311330188,0.3686025411030766,0.7030253402894122,0.994200399726076,1.5469545810792378,1.5414741033586081,0.214345516602519,0.7060148172856818,1.1923030753455446,1.6835736696298453,1.280592391380275,0.1375159520741405,0.7001355125263515,0.9946986458921209,1.5686781123002678,1.541673401839875,0.1948142654383657,active_015.jpg,IMG_3115.jpg,active,train
0.5032755,0.19891696,0.0,0.9882353,0.47050855,0.19384705,0.0,1.0,0.43189478,0.18829918,0.0,1.0,0.46855962,0.19156428,0.0,0.99607843,0.46666667,0.31633988,0.62222224,0.8083745216836735,0.014050542091836735,0.14520886479591838,0.1524035395408163,0.07200653698979592,0.13173628826530612,0.24182886,0.33824193,0.43008609693877553,0.33793048469387754,0.35893653801877573,1.2627550832242993,1.5546275714646476,1.5587134219881924,0.264967330844304,0.416234847113944,1.5124760616460238,1.6138192115806655,1.281289936064709,0.17617985743991332,0.5273437421419659,1.8184988568308267,1.550840900884835,0.990214504174445,0.11310188811894888,0.4177295856120788,1.5246332680975203,1.6410234502198457,1.263452721991324,0.1531608828535898,active_016.jpg,IMG_3116.jpg,active,train
0.4536227,0.21577425,0.0,1.0,0.42391226,0.2088114,0.0,1.0,0.3911633,0.22032443,0.0,1.0,0.42289945,0.21210985,0.0,1.0,0.40915036,0.26013073,0.5633987,0.7318239795918368,0.022500797193877552,0.21416613520408162,0.23571029974489796,0.07786591198979592,0.1611328125,0.2563731,0.3520942,0.4319395727040816,0.34933035714285715,0.7368064303472592,1.283282825265351,1.6298627369319771,1.0338608715718896,0.3161870405298897,0.8179209061793756,1.5479511886684236,1.5659875832040853,0.8110451695155286,0.25709504083426266,1.0250916620208623,1.8496890668252401,1.3467592864780917,0.4431401730968861,0.33531969473150924,0.8294802172316182,1.579041749429628,1.5751553119762631,0.7166773386356656,0.29964526658473944,abandoned_014.jpg,IMG_3118.jpg,abandoned,train
0.48810086,0.2351002,0.0,1.0,0.46366656,0.22503024,0.0,1.0,0.4331566,0.21066882,0.0,1.0,0.4616414,0.22238469,0.0,1.0,0.4993464,0.3006536,0.6379085,0.7729392538265306,0.025589923469387755,0.13922991071428573,0.21111686862244897,0.07065130739795919,0.0643734056122449,0.25826645,0.35925418,0.42247289540816324,0.34775589923469385,0.8690409628155866,0.7538464492259962,1.3827326569863116,1.7203444902956242,0.2740354117419466,0.8869778247932045,0.8873764217260405,1.566884426236146,1.4881617596197203,0.17059949996444096,0.90810346223351,1.0925541929033473,1.7598053273550205,1.1524434679256774,0.08709343631362232,0.8847855416626067,0.899533628177537,1.6012634091318132,1.4723175303590041,0.14209981714327852,active_017.jpg,IMG_3119.jpg,active,train
0.48139054,0.20595032,0.0,1.0,0.4465599,0.1970582,0.0,1.0,0.4055998,0.18509051,0.0,1.0,0.44451675,0.19345854,0.0,1.0,0.4379085,0.303268,0.5777778,0.8122010522959183,0.019969706632653062,0.1376953125,0.16743064413265307,0.06604751275510204,0.15082908163265307,0.28976715,0.37823176,0.44973692602040816,0.38364955357142855,0.45031488487141796,1.3291214725414855,1.7201449354927725,1.1680883987051267,0.3323302175125062,0.5116988125281547,1.605548445463219,1.7475484725835218,0.9127870442022659,0.22241710509382726,0.6413424649330485,1.909578255983842,1.7007133364647868,0.6115473897673914,0.13681840738970646,0.509008283231512,1.6223891658755378,1.7767456957383927,0.8959463225352153,0.19591040708533347,active_018.jpg,IMG_3120.jpg,active,train
0.49232686,0.2065427,0.0,1.0,0.46447083,0.19260621,0.0,1.0,0.43005335,0.17626521,0.0,1.0,0.46228367,0.1887378,0.0013071896,0.9986928,0.4745098,0.32418302,0.6039216,0.7660833864795918,0.02853954081632653,0.1656768176020408,0.16264748086734693,0.05307318239795918,0.0911391900510204,0.26076624,0.35806316,0.43032525510204084,0.3518016581632653,0.5682995769908601,1.0495057241570644,1.6342473028664968,1.4883610581009872,0.2595862718500985,0.5546476320412287,1.2584701661963127,1.8360369850801956,1.2032645806487292,0.14758052537811744,0.5632174660972017,1.561702782851264,1.9835178392413184,0.8153300868627663,0.07623166908457789,0.5487683272818984,1.2730189542448251,1.8862601948756048,1.172971211496165,0.11898119331632155,active_019.jpg,IMG_3121.jpg,active,train
0.47470903,0.2415411,0.0,1.0,0.4544632,0.23123921,0.0,1.0,0.43420002,0.21680383,0.0,0.99607843,0.45445743,0.22872482,0.0,0.9986928,0.48496732,0.26143792,0.6392157,0.7094826211734694,0.0157047193877551,0.2074298469387755,0.24139030612244897,0.08838887117346939,0.05169802295918367,0.26225662,0.36367345,0.4203603316326531,0.348812181122449,1.0256895574201164,0.7543446953920412,1.355827366024485,1.5193519719379858,0.3447863725916856,1.011639015537649,0.9152782070245572,1.4665376558711118,1.3617068732558912,0.24483818423635015,0.9826410886738334,1.1114875472130552,1.5764507519114621,1.185327717334711,0.1440928019559472,1.0041653230469747,0.916673296289483,1.4947383867681374,1.3646963504748943,0.2197265755967245,active_020.jpg,IMG_3122.jpg,active,test
0.49585086,0.24138217,0.0,1.0,0.46486253,0.2323453,0.0,1.0,0.42603528,0.21967766,0.0,0.98039216,0.46224952,0.22976612,0.0,0.9882353,0.503268,0.29673204,0.6405229,0.7994060905612245,0.042311065051020405,0.09221540178571429,0.21725526147959184,0.08713329081632654,0.08986367984693877,0.23541667,0.34040728,0.4077048788265306,0.32401945153061223,0.916872594755901,0.6015824208826621,1.4004702191759604,1.7226364228301934,0.35843831855846625,0.9364038444648627,0.8206114354760183,1.5516380946911112,1.467235419086699,0.22411114218459563,0.9833386333062962,1.1154735165414147,1.6619497876345997,1.1364995894243277,0.10273836709307163,0.9398915676271773,0.8215082785748992,1.6001672676481833,1.4549785624887865,0.1834542520061541,active_021.jpg,IMG_3123.jpg,active,test
0.50801677,0.21416676,0.0,1.0,0.47927883,0.20833114,0.0,1.0,0.44496748,0.20109041,0.0,0.9764706,0.47742105,0.20631264,0.0,0.98692816,0.49803925,0.32418302,0.6392157,0.8214086415816326,0.017737563775510203,0.10632573341836735,0.17151626275510204,0.08143335459183673,0.08830915178571429,0.26059526,0.35311663,0.4375,0.3598732461734694,0.5839445066046712,0.9003308220432089,1.4922471561235238,1.734992928668739,0.2884845516337947,0.6079599718080374,1.1082987717503676,1.633350459834436,1.4296676553678942,0.22072306800305885,0.6712372348957449,1.383031707707548,1.679488051372679,1.1169683382601745,0.14927456246888585,0.6133410304013228,1.1061064886197698,1.6719147102130538,1.4144213215509782,0.1942163699945651,active_022.jpg,IMG_3124.jpg,active,train
0.45613873,0.23609018,0.0,1.0,0.4321084,0.22625872,0.0,1.0,0.4069466,0.21355698,0.0,1.0,0.4317312,0.22384864,0.0,0.9973857,0.4379085,0.2496732,0.6117647,0.7178332270408163,0.012934470663265306,0.1908282844387755,0.25077726403061223,0.07796556122448979,0.0770687181122449,0.2636374,0.36554447,0.4233896683673469,0.34719786352040816,0.9444754323547907,1.0829878665152846,1.344567003510832,1.3162668195270448,0.31170282470138516,0.9783561716458467,1.2271803069686904,1.4310625314918146,1.1476603043752724,0.21574060597138708,1.0182158649294422,1.410036649907184,1.5062976969591444,0.9377990036012581,0.12765067725143042,0.9718789714872624,1.231365574763468,1.459960806969332,1.1439732824718354,0.192821280625697,active_023.jpg,IMG_3125.jpg,active,test
0.47141296,0.22711335,0.0,0.99215686,0.45840323,0.21483728,0.0,1.0,0.42858878,0.20913248,0.0,1.0,0.45280164,0.21615501,0.0,0.9973857,0.49281046,0.2875817,0.62352943,0.6486965880102041,0.1673309948979592,0.09219547193877552,0.21187420280612246,0.05630181760204082,0.051279496173469385,0.22258466,0.3297286,0.4008888711734694,0.3096301020408163,0.8390465436196811,0.9742705530842782,1.3540336799603634,1.6514868650179206,0.1811623194715851,0.8123405491196722,0.9979870705880175,1.6631455783440143,1.3853237432860153,0.1412029739775776,0.891860637220445,1.2024672971328614,1.724629150653077,1.0747170602315979,0.1063257397558753,0.8417370729163238,1.0690369738660261,1.5866149729414856,1.3739637298538039,0.12864716965776476,active_024.jpg,IMG_3126.jpg,active,test
0.48430213,0.21295464,0.0,1.0,0.45466882,0.19931516,0.0,1.0,0.41237858,0.19540362,0.0,1.0,0.45044985,0.20042527,0.0,0.9986928,0.46928105,0.29934642,0.6013072,0.7618582589285714,0.10752152423469388,0.09365035076530612,0.1953922193877551,0.05646125637755102,0.09899154974489796,0.24431539,0.34558278,0.4204201211734694,0.334781568877551,0.6522042313528282,1.052794148852961,1.5518373931426803,1.4875638641759197,0.25560030222476116,0.6739277641923876,1.1916055307130817,1.856365427140242,1.1163704428163739,0.16173071754806523,0.882692907765218,1.3637994056982135,1.8856622995208976,0.7636121309740135,0.10423310570257315,0.7173748298715065,1.2125318696869691,1.810227835601999,1.1141781595224383,0.1456871898060822,active_025.jpg,IMG_3127.jpg,active,train
0.49677724,0.23975644,0.011764706,1.0,0.47111923,0.22953403,0.011764706,1.0,0.45010325,0.22075295,0.003921569,1.0,0.47266656,0.22837107,0.010457517,0.9973857,0.4928105,0.25751635,0.6797385,0.7133689413265306,0.06529017857142858,0.19688695790816327,0.2425860969387755,0.12346540178571429,0.060626594387755105,0.20496488,0.30914316,0.39785953443877553,0.29049744897959184,0.8558872640320001,0.9809470517092805,1.0803969059560097,1.6142180490210158,0.46855072945841203,0.8971420465805213,1.0730229431943856,1.2032644013483507,1.575354845173976,0.25121573563689,0.924645234946202,1.1956911492746503,1.264648324431629,1.4750080598561068,0.14000718308997637,0.9024234559405977,1.062260826007815,1.2043605428319806,1.6030573340700711,0.22789781332866615,active_026.jpg,IMG_3128.jpg,active,train
0.45203066,0.23199005,0.003921569,1.0,0.4252295,0.2199589,0.0,1.0,0.38370898,0.202494,0.0,1.0,0.42032304,0.21721913,0.0013071896,0.9921568,0.42091504,0.23529412,0.5803922,0.8047672193877551,0.07067123724489796,0.06259964923469388,0.2700693558673469,0.08370535714285714,0.09869260204081633,0.21819769,0.32663235,0.3916613520408163,0.30568399234693877,0.8822943108323821,1.2197066144780164,1.4625516868397301,1.003966099381859,0.43148121194277417,0.9314213828044132,1.3742625751851572,1.5236366622456547,0.8869778908782062,0.28370138808338985,1.1106903533473833,1.54336732394081,1.5329040402436171,0.7331194633401823,0.07991869098801498,0.9774593285469658,1.3642976518642582,1.5434668581767788,0.878208757702464,0.236567297263775,abandoned_015.jpg,IMG_3129.jpg,abandoned,train
0.48344842,0.2010303,0.0,1.0,0.43108764,0.1819943,0.007843138,1.0,0.37022683,0.15874174,0.007843138,1.0,0.42825428,0.1779715,0.0052287583,0.9973857,0.40653595,0.29542485,0.5385621,0.858039700255102,0.020388233418367346,0.08360570790816327,0.16370376275510204,0.05853396045918367,0.23720503826530612,0.22230189,0.32102373,0.4150390625,0.3192761479591837,0.33093510348705,1.4917490211385542,1.7899990427677368,0.9653021940160863,0.42201453408259787,0.4167330932799889,1.9760442945342374,1.6981224565943887,0.6967474905089786,0.21235253178985028,0.6083585687408734,2.539959305263902,1.4039579420784192,0.36531411616217324,0.08240992200385086,0.42659836736767875,1.9889986948514058,1.7125715943331472,0.6948541549369432,0.1769770513649808,abandoned_016.jpg,IMG_3130.jpg,abandoned,test
0.5284055,0.23990656,0.0,1.0,0.46994078,0.21646693,0.0,1.0,0.38387716,0.19599013,0.0,0.99607843,0.46074113,0.20890206,0.0,0.9986928,0.49542487,0.28366014,0.6052288,0.8656529017857143,0.046994579081632654,0.04376594387755102,0.20896444515306123,0.0713687818877551,0.14243861607142858,0.15301855,0.26131353,0.32615194515306123,0.21733498086734693,0.5933115345263161,1.079201195653343,1.0525947719621223,1.5836257321465512,0.6912667822741396,0.7362085349480053,1.1864237705862144,1.3675859746670613,1.4426220566502406,0.26715961413823963,0.9151785577913482,2.124222704316003,1.1650987478728707,0.6235052986434038,0.17199458933330905,0.7325215133192727,1.224190829972421,1.7336972301994704,1.0796995222632697,0.2298907981413349,abandoned_017.jpg,IMG_3132.jpg,abandoned,train
0.52386016,0.25346893,0.0,1.0,0.47895062,0.25054386,0.0,1.0,0.4227617,0.23498751,0.0,1.0,0.47519082,0.24346858,0.0,1.0,0.5124183,0.25751635,0.6718955,0.8574418048469388,0.07005341198979592,0.03346221301020408,0.24091198979591838,0.10056600765306123,0.12693319515306123,0.13861763,0.25276527,0.3029934630102041,0.18174027423469388,0.7491629352651737,0.9433792907894918,0.869937741099056,1.8977201386231388,0.5397999365113181,0.9570312357391232,1.0935506852354373,0.7385004122892445,1.7734575355532454,0.4374601663807802,1.2201052114108524,1.0977359530302149,1.0298747484832467,1.4043567482470014,0.2479273106959866,0.9066087237353752,1.1402861756104528,0.7942043295028037,1.7470504867853849,0.4118503115379874,abandoned_018.jpg,IMG_3133.jpg,abandoned,train
0.50795263,0.26159927,0.003921569,1.0,0.49738875,0.2604209,0.0,1.0,0.43836775,0.2726244,0.0,1.0,0.48123637,0.2619067,0.0026143792,1.0,0.43267974,0.27189544,0.7254903,0.5053810586734694,0.2696508290816326,0.17761479591836735,0.22169961734693877,0.2321827168367347,0.1541374362244898,0.17114533,0.28268152,0.3518016581632653,0.23865991709183673,0.7073102573173987,1.231564873229886,1.2621570937870152,0.6848892308735998,1.114078510281805,0.7435825782054704,1.2860730037952026,1.2285753046976244,0.7643096756584475,0.9774594013733653,1.052295902686916,1.680783616536005,0.79609766479271,0.8010802454521851,0.6697425462973176,0.8114437060207914,1.4303650934818175,1.105608160079499,0.769690734652653,0.8828922720122354,active_027.jpg,IMG_3134.jpg,active,train
0.488508,0.24936442,0.0,1.0,0.4876349,0.24362564,0.0,1.0,0.43663,0.24131794,0.0,1.0,0.47092435,0.24234463,0.0,1.0,0.46797386,0.275817,0.6640523,0.44429607780612246,0.3415377869897959,0.11082987882653061,0.22088249362244897,0.16416214923469388,0.09478635204081633,0.17043005,0.28515112,0.34849330357142855,0.23319913903061223,0.8272879341010205,1.1343072216179135,1.1716755967746506,1.163803481357889,0.7029257434282514,0.8208107339424363,1.060367490576844,1.3686821161506912,1.1618104965452203,0.588329116699801,0.9751673961831591,1.5081911446180374,1.1309190634287727,1.0177176945892732,0.368004645659276,0.8476163776756541,1.2530891076030275,1.3044083655196612,1.069933896681193,0.5249521996569363,active_028.jpg,IMG_3135.jpg,active,train
0.45624736,0.21167895,0.019607844,1.0,0.4567821,0.20831338,0.023529412,1.0,0.40343487,0.23579594,0.0,1.0,0.43882143,0.2156782,0.024836602,1.0,0.4143791,0.24052288,0.6287582,0.2547632334183674,0.4241470025510204,0.17629942602040816,0.2678372130102041,0.09305245535714286,0.08783083545918367,0.17284213,0.2719188,0.3823939732142857,0.2526307397959184,0.6212133198248329,1.6277702244688232,1.169582963033175,1.39648445823696,0.18494899061565562,0.5653100999945905,1.6739078194445849,1.2484055006287484,1.3062022462230678,0.2061742788705773,1.4589644234127972,1.1166693073399225,1.0717274233127545,1.1972856262107232,0.15535316614752537,0.806461244360342,1.6109295040565041,1.1244418637527775,1.2933474941813548,0.16481984400770172,active_029.jpg,IMG_3136.jpg,active,train
0.47108284,0.22971721,0.0,1.0,0.46243167,0.22239548,0.0,1.0,0.4026484,0.23933922,0.0,1.0,0.4453876,0.22776444,0.0013071896,1.0,0.44052288,0.23267974,0.6509804,0.5846420599489796,0.2150829081632653,0.07653061224489796,0.2766262755102041,0.07581313775510204,0.08539939413265306,0.17523448,0.2855948,0.3627232142857143,0.24653220663265307,0.7684948865077175,1.3814373199762042,0.826391029431211,1.8324498860082388,0.19122689277556204,0.7358099380151694,1.443319493798986,0.9403897437287275,1.7453564496946163,0.13512437029893803,1.4817840978176555,1.0480109856589297,0.9338128948269476,1.466737172883532,0.06965481920277117,0.9716796730208445,1.3467593868194765,0.8806998574837867,1.6976244634312012,0.1032366132962388,abandoned_019.jpg,IMG_3137.jpg,abandoned,test
0.4760012,0.1689076,0.007843138,1.0,0.4658536,0.16802315,0.007843138,1.0,0.42903745,0.18476373,0.023529412,1.0,0.45696414,0.17200685,0.023529412,1.0,0.45228758,0.3267974,0.56993467,0.5247329400510204,0.1739078443877551,0.12968351403061223,0.13044084821428573,0.059251434948979595,0.1266143176020408,0.16209194,0.2534999,0.38536352040816324,0.24557557397959184,0.20288583881350009,1.487065507177732,2.187001558293354,0.9433793610767305,0.17966758086208356,0.1672114133246823,1.7335977101367688,2.0465957991629335,0.8913624574660773,0.16123247134489807,0.6273915722837902,1.5582150596889495,1.9161549626109677,0.799685156083317,0.09855309898646734,0.2922712010019626,1.6723134317132409,2.0376273688423248,0.8633610208480821,0.134426825614504,abandoned_020.jpg,IMG_3138.jpg,abandoned,train
0.45414668,0.20609109,0.003921569,1.0,0.4451005,0.20316617,0.003921569,1.0,0.3946622,0.20921203,0.0,1.0,0.43130314,0.20358096,0.0026143792,1.0,0.4379085,0.2784314,0.5803922,0.5121771364795918,0.29946588010204084,0.06979432397959184,0.20573580994897958,0.05542490433673469,0.10210060586734694,0.17127462,0.2774237,0.36852279974489793,0.24256616709183673,0.6382533387035698,1.3576211532392561,1.737483900779283,1.0072545243227624,0.25938697336883165,0.6345663170748372,1.46952724213295,1.749441807873428,0.898138605829151,0.24832590765852036,1.020707095759667,1.467833205168397,1.6629462798924453,0.6900709913865384,0.15844229260716186,0.7165776360058346,1.4962332366329587,1.7211414277506178,0.8691406768048212,0.19690689949166784,abandoned_021.jpg,IMG_3139.jpg,abandoned,test
0.47332233,0.18368351,0.0,1.0,0.46709052,0.1820436,0.0,1.0,0.36692607,0.15942857,0.0,1.0,0.43577966,0.16880861,0.0,1.0,0.4300654,0.30849674,0.55294114,0.5290577168367347,0.3565051020408163,0.07736766581632654,0.14678332270408162,0.03559470663265306,0.1685467155612245,0.18870157,0.2876769,0.3955676020408163,0.27951610331632654,0.32226562019786803,1.5125757108792328,1.8327485606293057,1.1467634612095716,0.18564653530008965,0.3181800016362995,1.5677813860770122,1.916952156417244,0.9595225380593471,0.23756378967010935,0.7274394024256143,2.3209302906705456,1.6217911496434292,0.23776308815137623,0.09207589834529407,0.37906568312699135,1.7827247821088,1.9726560736308032,0.7562380871671394,0.10931521697487834,abandoned_022.jpg,IMG_3140.jpg,abandoned,test
0.50649214,0.24348809,0.007843138,1.0,0.5048422,0.22593328,0.011764706,1.0,0.4381027,0.22364692,0.007843138,1.0,0.48314565,0.22632234,0.009150327,1.0,0.46405232,0.2784314,0.6915033,0.5415935905612245,0.2919323979591837,0.1357421875,0.19786352040816327,0.15720663265306123,0.08858816964285714,0.17405668,0.2784164,0.3739038584183674,0.24758848852040816,0.48738439962516156,1.5409757423437944,1.0690368942165718,1.0402384229724293,0.8623645284417477,0.4364636414553686,1.451391081688914,1.1741668274192643,1.3928970855741565,0.5450813462648902,0.8231026663062431,1.613221436420311,1.0532923165426142,1.2664421992103272,0.24394134107064924,0.5330237484348782,1.5823301741255247,1.1067043015631288,1.3386878986695676,0.43925385271218215,active_030.jpg,IMG_3141.jpg,active,train
0.55511856,0.2681527,0.0,1.0,0.5357832,0.25205505,0.0,1.0,0.4949661,0.23202541,0.0,1.0,0.52862257,0.24924105,0.0,1.0,0.56078434,0.29150328,0.7620916,0.7045001594387755,0.06688456632653061,0.19007095025510204,0.2020886479591837,0.28176817602040816,0.03651147959183673,0.1643588,0.2770246,0.34927056760204084,0.21902901785714285,0.670539690263282,1.0481106348921385,0.7940050310512347,1.086176722904443,1.4011679725467314,0.6554926560487248,1.070432063130952,0.917869018701421,1.4236887009298878,0.9325175938476861,0.7657047079778658,1.0786033002540891,1.0036670021019118,1.9101762937023181,0.2418487070173471,0.6896723430394077,1.0726243462615497,0.9041174255431541,1.5231386430820562,0.810447274071728,abandoned_023.jpg,IMG_3142.jpg,abandoned,train
0.5767481,0.17694342,0.0,1.0,0.5471175,0.16103165,0.0,1.0,0.4753214,0.14269666,0.0,1.0,0.5330623,0.15574299,0.0,1.0,0.5686275,0.45620918,0.64444447,0.8614277742346939,0.030572385204081634,0.08089524872448979,0.06726323341836735,0.016621492346938774,0.06431361607142858,0.13309544,0.22505488,0.3421157525510204,0.18193957270408162,0.2490234337892617,0.5381058593285366,1.3782484418260073,2.7472299150231736,0.08739238403552262,0.24603395679299203,0.5626195706979478,1.8985170496471035,2.226462983472841,0.0663663942618678,0.2746332867239717,0.8870774740264135,3.289520592373532,0.474728982377685,0.07403938579064231,0.25111606768665046,0.6120455903696059,2.1030969101827695,1.9765426879641859,0.057198664123591765,abandoned_024.jpg,IMG_3144.jpg,abandoned,train
0.51025057,0.22471537,0.003921569,1.0,0.48854595,0.20317924,0.0,1.0,0.44406384,0.19320449,0.0,1.0,0.48095348,0.20479204,0.0026143792,0.9973857,0.5058824,0.29673204,0.64836603,0.6371572066326531,0.11886160714285714,0.22102200255102042,0.19072863520408162,0.08677455357142858,0.04809072066326531,0.166789,0.2695107,0.3694395727040816,0.23897879464285715,0.5325255022688333,1.2181122267466726,1.0976362220167357,1.7118743048417824,0.43985174815598277,0.46366788212142235,1.2771045728063937,1.4910513654141093,1.5155653007939152,0.2526108250057581,0.6749242565244775,1.290357920823189,1.802156248313451,1.17775437504657,0.054807082348389324,0.5420918286568962,1.272720006545198,1.455576241034812,1.52702496346676,0.20258690620777364,active_031.jpg,IMG_3145.jpg,active,train
0.4768939,0.23569252,0.0,1.0,0.44783685,0.21492009,0.0,1.0,0.3757308,0.21888113,0.0,1.0,0.43348718,0.22005646,0.0013071896,1.0,0.43529412,0.23267974,0.6117647,0.6511678890306123,0.2507374043367347,0.07011320153061225,0.27754304846938777,0.06507095025510204,0.1122249681122449,0.16384342,0.27314368,0.35445232780612246,0.22628348214285715,0.8326689926943059,1.2030651925321154,1.0667449620235274,1.538883223102139,0.3586376170397331,0.8030731704312364,1.3428730667243258,1.4128267231732434,1.1947943951948874,0.24643257208648509,1.4382373829053277,1.280891243668335,1.5547272206904321,0.4891781222695331,0.23696589422630876,0.994001101259658,1.2901586223567711,1.3573221044112531,1.1190609723134766,0.23945712524214463,active_032.jpg,IMG_3146.jpg,active,train
0.4900799,0.25356933,0.0,1.0,0.47005427,0.23451057,0.0,1.0,0.4027873,0.22754619,0.0,1.0,0.45430714,0.23563464,0.0,0.9986928,0.45490196,0.23660131,0.6562092,0.6532405931122449,0.21861049107142858,0.10678411989795919,0.27162388392857145,0.13155691964285715,0.07525510204081633,0.18128237,0.28723264,0.37675382653061223,0.26036352040816324,0.8175223092465397,1.2798947513362453,0.9433792205022637,1.2257853090318858,0.7334184110620826,0.8304767095637081,1.222995039173913,1.2597655123681861,1.2725208028889667,0.41424189331318984,1.3310148079724562,1.1758609518660617,1.2756097392679284,1.0384447366410274,0.17906968541828297,0.9460698200861345,1.2835817729649779,1.1694833138073906,1.2425263814583027,0.3583386693178328,active_033.jpg,IMG_3147.jpg,active,train
0.5671436,0.22359207,0.0,1.0,0.54119945,0.21639377,0.0,0.99215686,0.49745902,0.21607432,0.0,0.9882353,0.53526735,0.21521662,0.0,0.9882353,0.5908497,0.351634,0.7176471,0.5915975765306123,0.11298230229591837,0.23889907525510204,0.14490991709183673,0.1578643176020408,0.08017777423469388,0.15835828,0.2601062,0.3628029336734694,0.2209422831632653,0.3954081573732654,0.8882732648249213,1.0065568296496636,1.9787349712581215,0.7310268292868802,0.4301857397632023,0.9908123257969704,1.125438356010623,2.0735013991005182,0.38006220377592165,0.7148835990412818,0.9110929392297796,1.2283760062460554,2.0955238812805077,0.05012356803861788,0.4673549037501549,1.0068558523436175,1.0763112876988434,2.1638832603550444,0.2855947236554251,abandoned_025.jpg,IMG_3148.jpg,abandoned,train
0.549833,0.23445047,0.0,1.0,0.5287432,0.22515503,0.0,1.0,0.41611433,0.17668656,0.0,1.0,0.4982302,0.20965542,0.0,1.0,0.5647059,0.31633988,0.6640523,0.6721141581632653,0.2243702168367347,0.06353635204081633,0.17500398596938777,0.0725845025510204,0.08623644770408163,0.15556458,0.25354964,0.36228475765306123,0.22716039540816327,0.509506529397557,0.9980867198212265,0.8084541687899933,2.069316130993914,0.614636516227028,0.5137914464255435,1.1204559782018642,0.8516022835547001,2.226562632713475,0.2875877084680938,0.7489636367987558,1.2497010336739218,2.329699249616819,0.6297832008033101,0.04185268106604276,0.5822504696401184,1.1096938610152933,1.1599169881320746,1.9883012983589312,0.15983738197602995,active_034.jpg,IMG_3149.jpg,active,train
